No,code,name,explanation_vietnamese,Definition,Long-Term
1,100-1000-0000,Unknown,Một doanh nghiệp/cơ sở kinh doanh chưa có định nghĩa,Unknown,
2,100-1000-0004,Restaurant,"Nhà hàng, quán ăn, tiệm ăn có bàn ghế lịch sự, (Vd: quán mì, quán phở, tiệm cơm..) . Nhớ chọn thêm Sub-Cate
** Bạn chọn trực tiếp bên SUB-Cate (giúp mình nhé)",An establishment that prepares and serves refreshments and prepared meals. This is a base-level category that should be used for all Places that do not fit other categories defined for Restaurant (100-1000-xxxx).,
3,100-1100-0010,Food Market-Stall,"Gian hàng ẩm thực, Xe bán đồ ăn, Sạp bán đồ ăn (Bán trong sạp/ hoặc quầy xe/ thường ở hội chợ, hoặc sự kiện..)","A restaurant that serves specialty foods at a food court, marketplace or outdoor setting including hawker centers (common in Southeast Asia).",
4,200-2000-0000,Coffee Shop,"Quán cà phê, Coffee… hoặc quán nước bất kỳ có bàn ghế ngồi lại, phục vụ các loại nước chung chung bao gồm cà phê.","An establishment that primarily sells coffee, but may also serve light foods, such as pastries or other snacks.",
5,200-2000-0012,Nightlife-Entertainment,"Dịch vụ giải trí về đêm,  bar, Pub, quán Bia bọt vỉa hè... ( Các dịch vụ giải trí về đêm nói chung, thường cung cấp đồ uống có cồn)",An establishment that provides evening entertainment and usually serves alcoholic beverages. This is a base-level category that should be used for all Places that do not fit other categories defined for Nightlife-Entertainment (200-2000-xxxx).,
6,200-2000-0014,Night Club,"Hộp Đêm, Vũ Trường, Pub, Lounge nơi có đánh nhạc.","An establishment that provides evening entertainment, such as a dance club or lounge. Most Places are generally open late.",
7,200-2000-0016,Karaoke,Karaoke,An establishment that provides karaoke entertainment.,
8,200-2000-0017,Billiards-Pool Hall,"Tiệm Bida, Billiards",An establishment that provides billiards or pool tables.,
9,200-2100-0019,Video Arcade-Game Room,Tiệm điện tử thẻ,"An establishment that provides video games, pinball machines and other games.",
10,200-2200-0000,Cinema,Rạp chiếu phim trong nhà/ ngoài trời,"An establishment that shows movies through screen projection, such as a movie theatre, movie theatre complex or outdoor movie theatre.",
11,300-3000-0000,"Theatre, Music and Culture","Rạp hát, Sân khấu kịch, Nhà văn hóa. - Nơi trình diễn nghệ thuật nói chung","An establishment where various types of performing arts are presented. This is a base-level category that should be used for all Places that do not fit other categories defined for Theatre, Music and Culture (200-2200-xxxx).",
12,300-3000-0023,Landmark Attraction,"Địa điêm thu hút - Là [Quan cảnh] hoặc [Kiến trúc] có thể nhìn thấy, nhận ra dễ dàng từ mọi khoảng cách trong khu vực đó. (vd: Landmark 81, Bitexco…)",A designated area of special interest to tourists. This is a base-level category that should be used for all Places that do not fit other categories defined for Landmark-Attraction (300-3000-xxxx).,
13,300-3000-0024,Tourist Attraction,"Địa điểm thu hút - dành cho khách du lịch (ví dụ: nhà thờ đức bà, bà nà hills, bưu điện thành phố, chứng tích chiến tranh, hồ gươm…)","A landmark or attraction that is regionally known, is of special interest to tourists, and does not meet the criteria for another more specific category. Examples of tourist attractions include the Eiffel Tower or Golden Gate Bridge.",
14,300-3000-0025,Gallery,Phòng trưng bày - Địa điểm thu hút về loại hình nghệ thuật,A landmark or attraction that provides works of art.,
15,300-3100-0000,Historical Monument,Di tích lịch sử - địa điểm thu hút về giá trị văn hóa lịch sử.,"A landmark or attraction with important historical or cultural value. For example, Machu Picchu, the Pyramids at Giza, Stonehenge, the Colosseum, Parthenon and Taj Mahal.",
16,300-3200-0030,Museum,"Bảo tàng - địa điểm [bảo tồn] và [triển lãm] các hiện vật nghệ thuật, lịch sử hoặc khoa học.","An establishment dedicated to the preservation and exhibition of artistic, historical, or scientific artifacts. This is a base-level category that should be used for all Places that do not fit other categories defined for Museum (300-3100-xxxx).",
17,300-3200-0031,Church,"Nhà Thờ, giáo đường -  Nơi thờ phượng chúa.",A religious place of worship for the Christian faith.,
18,300-3200-0034,Temple,"Đền thờ, chùa - Khu vực thờ phượng tín ngưỡng về tôn giáo và hoạt động tâm linh (Phật Giáo, Hindu Giáo…)","A religious place of worship dedicated to religious or spiritual activities. Places in this category may apply to Hinduism, Buddhism, Taoism, Sikh, Jain, Ayyavazhi and other faiths.",
19,350-3500-0233,Mosque,Nhà Thờ Hồi Giáo - Nơi thờ phượng của những người đạo Hồi.,A religious place of worship for the Islamic faith.,
20,400-4100-0035,Body of water,"Khu vực địa lý có nước - vd như hồ, sông, suối và đại dương.","A natural and geographical feature of the earth's surface that is covered with water, such as a lake, river, stream or ocean.",
21,400-4100-0036,Train Station,Ga Tàu hỏa (Xe lửa),A hub for travelers who are travelling between stops along a railway network.,
22,400-4100-0041,Bus Station,Trạm xe buýt (xe bus),A facility that serves as a hub for inter-city bus service.,
23,400-4300-0000,Transportation Service,"Dịch vụ giao thông - (Trụ sở cung cấp các dịch vụ du lịch hàng không, limo và taxi dịch vụ.) vd: Trạm mua vé của Phương Trang, Thành Bưởi, Hoa Mai... văn phòng bán vé máy của Vietjet..)","An establishment that provides charter air travel, limousine or taxi services.",
24,500-5000-0053,Rest Area,Khu vực dừng chân - Trạm dừng. (Một cở sở nằm trên đường quốc lộ/ cao tốc mà cung cấp nhà vệ sinh và chỗ đậu xe),An establishment along a motorway (controlled access road) that provides restrooms and parking. This is a base-level category that should be used for all Places that do not fit other categories defined for Rest Area (400-4300-xxxx).,
25,500-5100-0057,Hotel,Khách sạn,"An establishment that provides short-term or extended stay lodging. Places in this category may also provide other services and amenities, such as meals, entertainment, dry cleaning and various other personal services.",
26,550-5510-0202,Guest House,Nhà nghỉ,An establishment that provides lodging in an adjacent building next to the main structure. Guest houses are generally a small house or cottage.,
27,550-5510-0378,Bicycle and Bicycle Accessories Shop,Cửa hàng xe dạp và phụ kiện xe đạp - Kinh doanh bán xe đạp và phụ kiện xe đạp.,A business that sell bicycles and bicycle accessories.,
28,550-5520-0207,Park-Recreation Area,"Công viên giải trí - Khu vực an ninh được chăm sóc và duy trì cho công cộng, thường thân thiện môi trường, tự nhiên, có cây xanh (Vd: Công viên Tao đàn, Công viên Gia Định, hoặc Hồ Tuyền Lâm..)",A protected area preserved and maintained for public enjoyment including fairgrounds.,
29,550-5520-0208,Campsite,Khu cắm trại - Một khu vực được chỉ định mọi người có thể sử dụng lều hoặc xe tải cắm trại để ở ngoài trời qua đêm.,A designated area where people can camp using tents or camper vans for overnight stays in the outdoors.,
30,550-5520-0210,Amusement Park,"Công viên giải trí - Công viên với nhiều loại hình giải trí, trò chơi, dịch vụ giải trí. vd: Đầm Sen, Suối Tiên...","An establishment that provides a park containing rides or other entertainment. Certain amusement parks may be theme-based. For example, Disney World, Sea World or Six Flags.",
31,550-5520-0211,Zoo,"Sở thú, thảo cầm viên - Một cơ sở nơi các loài vật được nuôi trông lồng hoặc khu vực riêng.",An establishment where animals are exhibited in cages or large enclosures for the public.,
32,550-5520-0357,Wildlife Refuge,"Khu bảo tồn động vật hoang dã - Cơ sở nơi động vật được nuôi dưỡng và trưng bày trong môi trường tự nhiên của chúng. vd: Safari Phuốc Quốc, Safari Qui Nhơn...",An establishment where animals are exhibited in their natural environment for the public.,
33,600-6000-0061,Aquarium,Thủy cung - Nơi cá và các sinh vật dươí nước được nuôi và trưng bày.,An establishment where fish and other aquatic life are exhibited.,
34,600-6100-0062,Water Park,"Công viên nước - Công viên nước thường bao gồm máng trượt nước, miếng đệm nước, sân phun nước (sân chơi nước), dòng sông lười hoặc các tiện nghi liên quan khác.","An establishment that provides access to recreational water areas. Water parks generally include water slides, splash pads, spray grounds (water playgrounds), lazy rivers or other related amenities.",
35,600-6200-0063,Convenience Store,"Cửa hàng tiện lợi, tạp hóa, bách hóa - Nơi bán đồ tiêu dùng như : kẹo, đồ dùng vệ sinh, nước ngọt, sản phẩm thuốc lá, báo, thức ăn nhanh....","An establishment that sells groceries, candy, toiletries, soft drinks, tobacco products, newspapers and other products. Some convenience stores may be part of a petro/fuel station.",
36,600-6300-0064,Shopping Mall,"Trung tâm mua sắm - Trung tâm thương mại. Nơi có nhiều thương hiệu và cung cấp đa dạng về các loại hình sản phẩm như: tiêu dùng, bách hóa, điện máy, thời trang, trang sức, và cả nhà hàng, siêu thị, cửa hàng tiện lợi.v.v..","A complex of businesses that are co-located and share common services. Shopping malls generally include a variety of retail businesses, such as clothing, electronics, jewelry, restaurants and more. Common examples of shopping malls include covered shopping centers, strip malls, famous shopping streets, factory outlets and open air shopping centers.",
37,600-6300-0066,Department Store,"Các sạp, gian hàng, store nhỏ buôn bán trong trung tâm thương mại, hay được phân loại theo khu vực (deparment) vd: sạp bán nước hoa Dior, sạp bán tinh dầu, sạp bán bánh kẹo….","A business that sells a wide variety of merchandise that is organized by product or service departments. Departments generally include clothing, garden, electronics, photo services, household goods, pets, toys and more.",
38,600-6300-0068,Food-Beverage Specialty Store,"Hàng quán, cơ sở kinh doanh buôn bán đồ ăn, đồ uống và CHUYÊN BIỆT về 1 loại sản phẩm cụ thể. Thường phải có nhà cửa, ghế ngồi lại. Quy mô nhỏ, quán cóc hoặc có thể lớn. Như là tiệm kem, tiệm bánh trán trộn, quán cá viên chiên... trà sữa, sinh tố","A business that sells specialty products of a particular type of food or beverage, such as ice cream, meat, cheese, coffee or other unprepared foods.",
39,600-6300-0244,Grocery,"Cửa hàng tạp hóa - Nơi bán lượng lớn thực phẩm đa dạng bao gồm những sản phẩm tươi, thực phẩm động lạnh, sản phẩm đóng gói, mặt hàng bánh và sản phẩm từ thịt... ( Phải bán thịt, cá, hàng chợ thì mới là grocery, còn chỉ đồ tiêu dùng thôi thì sẽ là convenience store)","A business that sells a large variety of food including fresh produce, frozen foods, packaged goods, bakery items and meat products.",
40,600-6300-0363,Wine and Liquor,"Cửa hàng bia rượu - Nơi bán sản phẩm như bia thùng, sản phẩm rượu.","A business that sells packaged beer, wine and liquor products.",
41,600-6400-0070,Bakery and Baked Goods Store,"Tiệm bánh, Cửa hàng Bánh: nơi bán bánh mì và các sản phẩm bánh nướng khác. vd: ABC, Đức Phát, Những Chàng Trai...","A business that sells bread and other baked goods. Common examples include cupcake shops, bagel shops and other types of bakeries.",
42,600-6500-0072,Butcher,"Cửa hàng, quầy thịt - nơi chuyên bán thịt tươi và hàng hóa liên quan đến thịt như bao tử, lòng, phèo, huyết...",A specialty store where fresh meats and associated goods are available.,
43,600-6500-0075,Drugstore,Hiệu thuốc - (hiện không dùng Cate này nữa),"A business that sells prescription and non-prescription medications in addition to other consumer goods, such as cosmetics, snacks, beverages and tobacco products.",
44,600-6600-0077,Pharmacy,"Nhà thuốc, tiệm thuốc chung, nơi buôn bán và phân phối các mặt hàng liên quan đến dược phẩm, thuốc men","A business that prepares and dispenses pharmaceutical drugs, medicines and other health remedies.",
45,600-6600-0078,Consumer Electronics Store,"Cửa hàng điện tử tiêu dùng - Doanh nghiệp bán đồ điện tử và giải trí (điện thoại, TV và hệ thống game.) và cả đồ gia dụng sử dụng điện ( tủ lạnh, quạt, nồi microwave, máy xay sinh tố, máy đánh trứng..)  Vd: Nguyễn Kim, Lock&Lock, …","A business that sells consumer and entertainment electronics such as cooking/washing appliances, televisions, and gaming systems.",
46,600-6600-0079,Market,Chợ,"A public marketplace where fresh fruits, vegetables, meat, and other farm products are sold. Some markets also sell other types of merchandise.",
47,600-6600-0080,Computer and Software,"Cửa hàng máy tính: buôn bán chuyên về sản phẩm máy tính bao gồm phần cứng, phần mềm và các phụ kiện liên quan như bao chóng sốc, quạt tản nhiệt, chuột, cục sạc, pin… Vd: Phong Vũ","A business that sells computer goods, such as hardware, software and related accessories.",
48,600-6600-0082,Home Improvement-Hardware Store,"Vật liệu xây dựng - Cửa hàng Vật liệu thô như xi măng, inox, sắt, đá hoa cương, đá lót...
Hoặc bán các sản phẩm cải tiến nhà như bồn cầu, vòi hoa sen, bồn tắm, bồn rửa tay","A business that sells a variety of building materials, hardware, and home improvement products.",
49,600-6600-0083,Home Specialty Store,"Cửa hàng phụ kiện nội thất: bán các sản phẩm TIỂU TIẾT chuyên dụng cho việc trang trí nội thất, (vd: bản lề, nút tủ, tay cầm cửa, phù điêu, xào phơi..) và cả dịch phụ thiết kế, điều chỉnh cho nội thất.","A business that sells home furnishings and accessories, but also specializes in custom furniture and other household items.",
50,600-6600-0084,Floor and Carpet,"Doanh nghiệp chuyên bán Sàn và Thảm - Doanh nghiệp kinh doanh sàn và thảm. ( vd: gỗ lót sàn, tấm lót xi măng., thảm trải..)",A business that sells flooring and carpeting.,
51,600-6600-0319,Furniture Store,"Cửa hàng nội thất - Doanh nghiệp bán nội thất và phụ kiện gia đình. vd: giường, tủ, kệ, sofa, bàn ăn, ghế, rèm cửa, đèn ngủ.. và các các sản phẩm gia dụng không sử dụng điện (nồi, chảo, chén, bát, thớt, dao..)",A business that sells furnishings and accessories for a home.,
52,600-6700-0087,Garden Center,Vật tư sân vườn: Cửa hàng bán đồ làm vườn.,"A business that sells a variety of lawn and garden supplies, tools and other related items.",
53,600-6800-0000,Glass and Window,"Cửa hàng, doanh nghiệp kinh doanh sản phẩm và dịch vụ liên quan đến gương, kính và cửa sổ ( bao gồm lắp đặt)","A business that sells windows, glass products and window treatments. These establishments may also provide window installation services.",
54,600-6800-0089,Lumber,"Cửa hàng gỗ, vật liệu gỗ - Doanh nghiệp bán sản phẩm làm từ gỗ.",A business that sells timber products.,
55,600-6800-0090,Paint Store,Cửa hàng sơn - Doanh nghiệp bán sơn và các sản phẩm liên quan.,A business that sells paint and other related products.,
56,600-6800-0091,Bookstore,"Hiệu Sách, tiệm sách - Doanh nghiệp nhỏ lẻ bán chủ yếu là sách.",A retail business that primarily sells books.,
57,600-6800-0092,Clothing and Accessories,"Quần áo và phụ kiện. Doanh nghiệp bán các mặt hàng may mặc, phụ kiện thời trang chung chung cho nam, nữ và trẻ em.","A business that sells apparel items, garments or fashion accessories for men, women, and children. This is a base-level category that should be used for all Places that do not fit other categories defined for Clothing and Accessories (600-6800-xxxx).",
58,600-6900-0000,Men's Apparel,Trang phục nam - Kinh doanh trang phục và phụ kiện cho nam.,A business that sells men's wear and accessories.,
59,600-6900-0094,Women's Apparel,Trang phục nữ - Kinh doanh trang phục và phụ kiện cho nữ.,A business that sells women's wear and accessories.,
60,600-6900-0095,Children's Apparel,Trang phục trẻ em - Kinh doanh trang phục và phụ kiện cho trẻ em,A business that sells children's wear and accessories.,
61,600-6900-0096,Shoes-Footwear,Cửa hàng giầy - Kinh doanh bán giày.,A business that sells shoes.,
62,600-6900-0097,Consumer Goods,"Hàng tiêu dùng - sản phẩm tiêu dung như là xà bông, thức ăn nhanh, bánh snack, sữa... KHÔNG có thịt, cá, rau, củ nhe",A business that sells a variety of products targeted to consumers. This is a base-level category that should be used for all Places that do not fit other categories defined for Consumer Goods (600-6900-xxxx).,
63,600-6900-0101,Sporting Goods Store,"Cửa hàng dụng cụ thể thao - và các mặt hàng liên quán đến thể thao (vd: quần áo thể thao, vượt tennis, banh tennis...)",A business that sells individual and team sports equipment and other related items.,
64,600-6900-0103,Office Supply and Services Store,"Văn phòng phẩm và dịch vụ văn phòng - kinh doanh vật tư văn phòng. Các doanh nghiệp này cung cấp dịch vụ chuyên dụng (In ấn, photocopy, thiết kế đồ họa, vận chuyển và quảng cáo).","A business that sells office supplies. These businesses may also provide select professional business services, such as printing, photocopying, graphic design, shipping and advertising.",
65,600-6900-0105,Specialty Store,"Cửa hàng Sản phẩm chuyên biệt - kinh doanh MỘT loại hàng hóa cụ thể và chuyên cho sản phẩm đó luôn (vd: nến, đồ lót, dép thái lan, xà bông handmade, tỏi Lý Sơn, khô gà, thuốc lá...)","A business that specializes in the sale of a specific type of merchandise. For example, a candle store, t-shirts shop or other.",
66,600-6900-0106,Pet Supply,Dịch vụ thú cưng - Kinh doanh sản phẩm và dịch vụ cho thú cưng.,A business that sells goods and services for pets.,
67,600-6900-0108,Flowers and Jewelry,"Tiệm hoa (Shop hoa) và Trang sức - Kinh doanh mua bán hoặc các dịch vụ liên quan trang sức, hoa tươi.","A business that sells that buys and sells jewelry, or that sells and arranges plants and cut flowers.",
68,600-6900-0246,"Gift, Antique and Art","Shop quà tặng, đồ cổ và nghệ thuật - Kinh doanh bán đồ cổ nghệ thuật, quà, đồ ĐỘC LẠ, lưu niệm (vd: sổ tay, quà lưu niệm, thiệp, lưu bút, mấy món đồ kỳ dị như lưới nhện, đầu lâu phát sáng, đèn hộp chiếu sao..)","A business that sells antiques, art, gifts, novelty items, souvenir items or greeting cards.",
69,600-6900-0247,"Record, CD and Video","Tiệm CD, băng đĩa",A business that sells audio and video media.,
70,600-6900-0248,Video and Game Rental,"Cho thuê Video và Game - kinh doanh thuê băng video, DVD, hoặc trò chơi điện tử.","A business that rents videotapes, DVDs, or electronic games.",
71,600-6900-0251,Vaping Store,Cửa hàng vaping - Cửa hàng bán thuốc lá điện tử và phụ kiện vaping khác.,A business that sells electronic cigarettes (also referred to as vaporizers) and other vaping accessories.,
72,600-6900-0305,Motorcycle Accessories,Phụ kiên xe máy- Doanh nghiệp kinh doanh phụ kiện xe máy.,A business that sells motorcycle accessories.,
73,600-6900-0358,Used-Second Hand Merchandise Stores,"Cửa hàng đồ đã qua sử dụng - Kinh doanh hàng hóa đã qua sử dụng như quần áo, đồ nội thất và đồ chơi. Hàng hóa trong kho cực kỳ đa dạng.(vd: đồ 2nd hand, đồ cũ)","A business that sells previously owned and used merchandise, such as clothing, books, furniture and toys. Inventory in these stores varies widely.",
74,600-6900-0388,Adult Shop,"Cửa hàng người lớn - Kinh doanh mặt hàng dành riêng cho người lớn, có liên quan đến tình dục.","A business that sells items made specifically for adult use, often with sexual connotations.",
75,600-6950-0000,Toy Store,Cửa hàng đồ chơi - Tự làm hoặc buôn bán đồ chơi.,A business that makes or sells toys.,
76,600-6950-0399,Hunting-Fishing Shop,"Cửa hàng săn bắn, câu cá - kinh doanh mặt hàn liên quan (ủng, cần câu, cuộn và một số phụ kiện khác).","A business that sells hunting or fishing-related items, such as boots, waders, rods, reels and other accessories.",
77,700-7000-0107,Hair and Beauty,"Cửa hàng chăm sóc tóc và sắc đẹp như: Hair salon cung cấp dịch vụ tạo kiểu tóc và trang điểm cá nhân. Ở đây có thể bán các sản phẩm tóc và các mặt hàng mỹ phẩm liên quan khác. (wax, dưỡng tóc, thuốc nhuộm, dầu xã...) hoặc Shop Mỹ Phẩm, làm đẹp. ( son môi, phấn mắt, lotion, kem chống nắng..)",A business that provides hair styling and personal appearance services. Places in this category may also sell hair products and other related cosmetic items. This is a base-level category that should be used for all Places that do not fit other categories defined for Hair and Beauty (600-6950-xxxx).,
78,700-7010-0108,Barber,Tiệm hớt tóc NAM- cung cấp dịch vụ cắt tóc và có dịch vụ cạo/ tỉa râu.,"A business that provides hair cutting services, especially for men, and may offer shaves or beard trims.",
79,700-7100-0000,Bank,"Ngân hàng - Doanh nghiệp chuyên bảo trì, cho vay, trao đổi hoặc phát hàn tiền. Các vị trí trong danh mục này bao gồm ngân hàng trung tâm, ngân hàng nhỏ lẻ và tín dụng.","A business that specializes in the maintenance, lending, exchange, or issuance of money. Places in this category commonly include central banks, consumer banks and credit unions.",
80,700-7200-0253,ATM,"ATM - Thiết bị cung ấp khả năng gửi, rút hoặc chuyển tiên mà không cần sư trợ giúp của giao dịch viên ngân hàng.","A computer terminal that provides the ability to deposit, withdraw, or transfer funds without the assistance of a bank teller.",
81,700-7200-0254,Communication-Media,"Phương tiện truyền thông - Cung cấp dịch vụ truyền thông (ngoại trừ qua liên lạc qua điện thoại). Vd: Đài truyền hình, Đài phát thanh...","A business that provides communication services, with the exception of telephone communications. This is a base-level category that should be used for all Places that do not fit other categories defined for Communication-Media (700-7100-xxxx) categories.",
82,700-7200-0257,Catering and Other Food Services,"Dịch vụ cung cấp đồ ăn cho các sự kiện. Vd: Bánh kem đãi khách tham gia, đồ ăn tặng mang về","A business that provides a single event-based food service or other food services including house-to-house bakery products, lunch wagons, and so on.",
83,700-7200-0258,Construction,"Công trường/ công ty xây dựng - Doanh nghiệp tham gia vào việc xây dựng, kiến trúc lớn.","A business that is engaged in the building of something, typically a large structure.",
84,700-7200-0265,Farming,"Nông nghiệp - Doanh ngiệp cung cấp dịch vụ hổ trợ cho các vung sản xuất và quản lý  sợi, nhiên liệu và thực phẩm (Ngủ cốc, nuôi ca và chăn nuôi).","A business that provides support services for lands devoted to the practice of producing and managing fibers, fuel, and food (for example, produce, grains, fish farming or livestock).",
85,700-7200-0268,Food Production,Sản xuất lương thực - Doanh nghiệp tham gia và sản xuất thực phẩm.,A business that is engaged in the production of food.,
86,700-7200-0271,Manufacturing,"Chế tạo, Dây chuyền sản xuất - Doanh nghiệp tham gia vào việc hoàn chỉnh sản phẩm từ nguyên liệu thô, ở quy mô công nghiệp lớn.","A business that is engaged in making something into a finished product using raw materials, especially on a large industrial scale.",
87,700-7200-0274,Motorcycle Service and Maintenance,Dịch vụ bảo trì xe máy - Doanh nghiêp cung cấp dịch vụ bảo dưỡng và sửa chữa xe máy.,A business that provides a service for the maintenance and repair of motorcycles.,
88,700-7200-0276,Finance and Insurance,"Tài chính và bảo hiểm - doanh nghiệp cung cấp dịch vụ ủy thác tín dụng, lưu ký, tài chính công và các cơ sở đại lý (môi giới) trong việc buôn bán hiện kim và chính sách bảo hiểm.","A business that provides trust, fiduciary, and custody services to others, public finance and establishments acting as agents (for example, brokers) in selling annuities and insurance policies.",
89,700-7200-0342,Rental and Leasing,"Dịch vụ thuê mướn - Dịch vụ thuê mướn không bao gồm các loại khác (Vì dụ: Thuê thuyền, thuê dịch thiết bị y tế, thuê xe đạp, cho mướn đồng phục….)","A business that provides rental and leasing services not covered by other categories (for example, boat rentals, medical equipment rental, and so on).",
90,700-7200-0344,Printing and Publishing,"In ấn và xuất bản - Doanh nghiệp cung cấp in ấn và xuất bản sản phẩm báo chi, tạp chí và phần mềm.","A business that provides the printing and publishing of products, such as books, journals, or software.",
91,700-7250-0136,Interior and Exterior Design,Thiết kế nội - ngoại thất - Doanh nghiệp cung cấp dịch vụ trang trí nội ngoại thất và thiết kế.,A business that provides interior and exterior decoration services.,
92,700-7300-0111,Property Management,Quản lý tài sản - Doanh nghiệp hoạt đọng và quản lý bất động sản.,A business that operates and manages real property.,
93,700-7300-0113,Business Facility,"Cơ sở kinh doanh nói chung, vd: văn phòng, công ty, văn phòng đại diện...",A business establishment that employs people in and around the city in which it is located.,
94,700-7400-0000,Police Station,Đồn cảnh sát - Văn phòng trụ sở lực lượng cảnh sát địa phương.,The office or headquarters of a local police force.,
95,700-7400-0133,Fire Department,Sở cứu hỏa - Cơ quan địa phương/ thành phố chịu trách nhiệm phòng cháy chữa cháy. Nhân viên bao gồm toàn thời gian hoặc tình nguyện viên.,A local or municipal authority in charge of preventing and fighting fires. Staff may include full-time employees or volunteers.,
96,700-7400-0137,Consumer Services,"Công ty cung cấp dịch vụ tiêu dùng cho nhiều sản phẩm sử dụng đại chúng. vd: Shopee, Lazada, Sendo, Tiki, Cầm Đồ,...",An organization that provides consumer services for a variety of products used by the public. This is a base-level category that should be used for all Places that do not fit other categories defined for Consumer Services (700-7400-xxxx).,
97,700-7400-0138,Travel Agent-Ticketing,"Đại lý du lịch - bán vé - Doanh nghiệp bán lịch trình du lịch và lịch trình cho hành khách. Dịch vụ bao gồm hàng không và vân chuyển mặt đất. Danh mục này bao gồm tư vấn du lich, môi giới bảo hiểm du lịch, đại lý du lịch, etc..","A business that sells travel arrangements and itineraries for travelers. Services may include air accommodations and ground transportation. This category includes travel advisors, travel insurance brokers, travel agents, and more.",
98,700-7400-0141,Dry Cleaning and Laundry,Giặt ủi và làm sạch - Cung cấp dịch vụ giặt khô và giặt chuyên nghiêp.,A business that provides professional dry cleaning or laundry services.,
99,700-7400-0144,Attorney,Luật sư - Doanh nghiệp cung cấp đại diện pháp lý hoặc tư vấn về pháp luật.,A business that provides legal representation or counsel with respect to legal matters.,
100,700-7400-0146,Business Service,"Dịch vụ kinh doanh - Một cơ sở bán lẻ hoặc kinh doanh cung cấp dịch vụ chuyên nghiệp cho các doanh nghiệp khác, chẳng hạn như in ấn, photocopy, thiết kế đồ họa và quảng cáo.","A retail or business establishment that provides professional services to other businesses, such as printing, photocopying, graphic design and advertising.",
101,700-7400-0147,Photography,"Nhiếp ảnh - Doanh nghiệp cung cấp dịch vụ chụp ảnh chuyên nghiệp, phát triển hình ảnh hoặc cung cấp hình ảnh.","A business that provides professional photography services, the development of photos, or photographic supplies.",
102,700-7400-0149,Repair Service,Dịch vụ sửa chữa - Doanh nghiệp cung cấp dịch vụ sữa chữa cho các loại hàng tiêu dùng. Hầu hết dịch vụ sữa chữa chuyên về sửa chữa điện tử hoặc giày. Danh mục này không bao gồm dịch vụ tự động.,"A business that provides repair service for various types of consumer goods. Most repair service businesses specialize in specific types of repair, such as electronics or shoes. This category excludes auto service.",
103,700-7400-0152,Social Service,"Dịch vụ xã hội - Doanh nghiệp cung cấp dịch vụ hổ trợ những người hoàn cảnh khó khăn, nâng cao phúc lợi cho con người. Dịch vụ xã hội bao gồm các tổ chức tư nhân và chính phủ tài trợ.",A business that provides services to assist disadvantaged people and advance human welfare. Social services includes both private and government funded institutions.,
104,700-7400-0281,Tailor and Alteration,"May đo, sửa chữa - Doanh nghiệp làm, sữa chữa hoặc thay đổi hàng hóa may mặc.","A business that makes, mends, or alters garments.",
105,700-7400-0282,Waste and Sanitary,"Chất thải và vệ sinh - Doanh nghiệp chuyển giao, xử lý, giữ, làm sạch, xử lý chất thải rắn. Có thể được tư nhân hoặc chính phủ tài trợ.","A business that provides the transfer, disposal, holding, cleaning, or treatment of solid waste material. Places may be privately or government funded.",
106,700-7400-0283,Bicycle Service and Maintenance,Dịch vụ bảo trì xe đạp - Doanh nghiêp cung cấp dịch vụ sửa chữa và bảo trì xe đạp.,A business that provides bicycle repair and maintenance services.,
107,700-7400-0284,Bill Payment Service,Dịch vụ thanh toán hóa đơn - Doanh nghiệp cung cấp dịch vụ thanh toán hóa đơn.,A business that provides bill payment services.,
108,700-7400-0285,Body Piercing and Tattoos,Bâm khuyên cơ thể và hình xăm - Doanh nghiệp cung cấp dịch vụ xỏ lỗ trên cơ thể hoặc hình xăm.,A business that provides body piercing or tattoo services.,
109,700-7400-0286,Wedding Services and Bridal Studio,"Dịch vụ cưới và Studio cưới - Doanh nghiệp bán/ cho thuê áo cưới, cung cấp dịch vụ cho cô dâu. Một số doanh nghiệp c1 thể bán sản phẩm cưới hoặc dịch vụ liên quan.",A business that sells or rents bridal gowns or provides bridal services. Some businesses may sell wedding products or other related services.,
110,700-7400-0292,Internet Cafe,Dịch vụ cung cấp Internet Công cộng.,"A business that provides public access to the Internet. Access fees may apply. Some businesses may provide computers, or food and beverage service.",
111,700-7400-0293,Kindergarten and Childcare,"Mẫu giáo và nhà trẻ - Doanh nghiệp cung cấp dịch vụ chăm sóc trẻ sơ sinh hoặc trẻ em. Một số doanh nghiệp có thể cung cấp các chương trìh giáo dục. Các doanh nghiệp chăm sóc trẻ khác có thể bao gồm bảo mẫu, và các dịch vụ vú em khác.","A business that provides day care of infants or children. Some businesses may offer educational programs. Other childcare businesses may include nanny, au pair, and other baby sitting services.",
112,700-7450-0114,Wellness Center and Services,"Trung tâm chăm sóc sức khỏe và dịch vụ -  Doanh nghiệp cung cấp nhiều dịch vụ cho việc cải thiện sức khỏe, sắc đẹp và thư giãn. Các dịch vụ điển hình có thể bao gòm các phương phpa1 điều trị chăm sóc cá nhân như châm cứu, mát xa hoặc y học Trung Quốc.","A business that provides a variety of services for the purpose of improving health, beauty and relaxation. Typical services might include personal care treatments such as acupuncture, massages, or Chinese medicine.",
113,700-7600-0000,Pet Care,"Chăm sóc thú cưng - Doanh nghiệp cung cấp các dịch vụ chăm sóc thú cưng chuyên dụng (Nội trú, chải chuốt, ngồi, đi bộ, huấn luyện. Danh mục này không bao gồm dịch vụ thú y,","A business that provides specialized pet care services, such as boarding, grooming, sitting, walking, and training. This category excludes veterinary services.",
114,700-7600-0116,Post Office,"Bưu điện - Một văn phòng hoặc quầy nhận, sắp xếp, gửi và vận chuyển thư đến khu vực cụ thể. Điêu này bao gồm chi nhánh địa phươnog hoặc văn phòng quốc gia. Một số có thể tính cước bưu phí và cung cấp các dịch vụ vận chuyển khác.","An office or station that receives, sorts, dispatches and delivers mail to a specific area or region. This includes local branch or national offices. Some locations may also sell postage and provide other delivery-related services.",
115,700-7800-0118,Fueling Station,Doanh nghiệp bán nhiên liệu cho xe cộ. ,A business that sells fuel for vehicles. This is a base-level category that should be used for all Places that do not fit other categories defined for Fueling Station (700-7600-xxxx).,
116,700-7800-0119,Petrol-Gasoline Station,"Trạm xăng - Doanh nghiệp bán nhiên liệu, dầu và các nguồn cung cấp động cơ khác.","A business that sells fuel, oil, and other motoring supplies.",
117,700-7800-0120,Automobile Dealership-New Cars,Đại lý ô tô xe mới - Một doanh nghiệp bán ô tô mới. Lưu ý: danh mục này được bảo vệ và sở hữu riêng của HERE.,A business that sells new automobiles. Note: This category is a HERE protected category. Note: This category is a HERE owned category.,
118,700-7850-0000,Automobile Dealership-Used Cars,Đại lý ô tô đã qua sữ dụng. - Doanh nghiệp bán ô tô đã qua sở hữu.,A business that sells previously-owned automobiles.,
119,700-7850-0121,Motorcycle Dealership,Đại lý xe máy - Doanh nghiệp bán xe máy. Lưu ý: danh mục này được bảo vệ và sở hữu riêng của HERE.,A business that sells motorcycles. Note: This category is a HERE protected category. Note: This category is a HERE owned category.,
120,700-7850-0123,Car Repair-Service,Dich vụ sửa chữa xe hơi - Doanh nghiệp cung cấp dịch vụ sửa chữa ô tô.,A business that provides automotive repair services. This is a base-level category that should be used for all Places that do not fit other categories defined for Car Repair-Service (700-7850-xxxx).,
121,700-7851-0117,Car Wash-Detailing,"Rửa sửa xe - Doanh nghiệp cung cấp dịch vụ làm sạch ô tô- Một số có thể cung cấp chi tiết bên ngoài, chi tiết nội thất của xe hoặc cả hai.","A business that provides automobile cleaning services. Some businesses may provide exterior detailing, interior detailing, or both.",
122,700-7900-0130,Auto Parts,Phụ tùng ô tô - Doanh nghiệp bán các bộ phận và phụ kiện cho ô tô. Đại lý ô tô bán phụ tùng ô tô như một dịch vụ kèm theo không được áp dụng.,A business that sells parts and accessories for automobiles. Auto dealerships that sell auto parts as a sub-service are not applicable.,
123,800-8000-0154,Rental Car Agency,Đại lý thuê xe hơi - Doanh nghiệp cho thuê hoặc cho thuê ô tô.,A business that rents or leases automobiles.,
124,800-8000-0155,Truck Dealership,Đại lý xe tải - Một đại lý bán xe tải nặng mới/ xe tải lớn. Lưu ý: danh mục này được bảo vệ và sở hữu riêng của HERE.',A trucking dealership that sells new heavy trucks/lorries. Note: This category is a HERE protected category. Note: This category is a HERE owned category.,
125,800-8000-0157,Dentist-Dental Office,"Nha sĩ Nha khoa - Cơ sở chăm sóc sức khỏe cung cấp dịch vụ nha khoa. Các dịch vụ thường bao gồm việc làm sạch, kiểm tra, nha khoa thẩm mĩ, làm răng giả, niềng răng và các dịch vụ liên quan.","A health care facility that provides dental services. Services generally include cleanings, exams, cosmetic dentistry, dentures, braces, and other related services.",
126,800-8000-0158,Family-General Practice Physicians,"Bác sĩ đa khoa gia đình - Văn phòng Cơ sở chăm sóc sức khỏe cung cấp dịch vụ y tế cho cá nhân/ gia đình. Các dịch vụ thường bao gồm tư vấn y tế, điều trị cá bệnh cụ thể/ cấp tính/ chăm sóc phòng người và cac dịch vụ y tế liên quan.","A health care facility office that provides medical services to individual persons or families. Services generally include medical advice, treatment of specific or acute illnesses, preventive care and other related medical services.",
127,800-8000-0159,Nursing Home,"Viện Dưỡng Lão - Một cơ sở chăm sóc sức khỏe, cung cấp dịch vụ chăm sóc y tế và chăm sóc y tế toàn thời gian cho người già, bệnh mãn tính hoặc nhưng người không thể tự chăm sóc bản thân.","A health care facility that provides full-time care and medical treatment for the elderly, chronically ill, or other individuals who are unable to take care of themselves.",
128,800-8000-0161,Medical Services-Clinics,"Dịch vụ phòng khám - Cơ sở chăm sóc sức khỏe, cung cấp dịch vụ y tế nói chung, không liên quan trực tiếp hay kết nối với bệnh viên y tế. Một số nơi có thể chuyên lĩnh vực y học riêng biệt.",A health care facility that provides general medical services that are not directly associated or connected with a medical hospital. Some Places may specialize in particular conditions or areas of medicine.,
129,800-8000-0162,Hospital,Bệnh viện - Một tổ chức/ cơ sở cung cấp điều trị y tế hoặc phẩu thuật cho người bệnh/ bị thương. Một số địa điểm có thể bao gồm phòng cấp cứu phức hợp và trung tâm chấn thương. Lưu ý: danh mục này được bảo vệ và sở hữu riêng của HERE.',An institution or facility that provides medical or surgical treatment for the sick or injured. Some Places may include elaborate emergency rooms and trauma centers. Note: This category is a HERE protected category. Note: This category is a HERE owned category.,
130,800-8000-0367,Optical,"Hiệu Kính mắt - Cơ sở chăm sóc sức khỏe kinh doanh bán kính mắt, lens, và các dụng cụ quang học khác, và có bác sĩ nhãn khoa.","A health care facility that sells eyeglasses, lenses, and other optical instruments, and employs an optician.",
131,800-8100-0164,Veterinarian,"Bác sĩ thú ý - Cơ sở chăm sóc sức khỏe thực hành thuốc thú y hoặc phẩu thuật. Các dịch vụ bao gồm phòng, chữa bệnh, giảm đau cho động vật, đặc biệt là vật nuôi. Danh mục bao gồm cac địa điểm thú ý được đặt tên, bệnh viện động vật và dịch vụ thú y khẩn cấp.","A health care facility that practices veterinary medicine or surgery. Services generally include the prevention, cure, or alleviation of disease and injury to animals, especially domestic animals. This category includes all named veterinary locations, animal hospitals, and emergency veterinary services.",
132,800-8100-0169,Blood Bank,"Ngân hàng máu - Dịch vụ y tế trong đó máu được thu nhận từ người hiến, phân loại, được lưu trữ và chuẩn bị truyền máu cho người nhận.","A medical service where blood is collected from donors, typed, separated into components, stored, and prepared for transfusion into recipients.",
133,800-8100-0170,Embassy,Đại sứ quán - Tòa nhà chính phủ đại diện ngoại giao của nước ngoài. Lưu ý: Danh mục được sở hữu và bảo vệ bởi HERE.,A government building that houses diplomatic representatives of foreign countries. Note: This category is a HERE protected category. Note: This category is a HERE owned category.,
134,800-8100-0171,Civic-Community Center,"Trung tâm cộng đồng - Tòa nhà chính phủ cung cấp không gian cho các sự kiện cộng đồng, sự kiện đặc biệt, chương trình theo mùa, tổ chức các lớp học cũng như không gian chung cho thuê.","A government building that provides space to the public for community events, special events, seasonal programs, organized classes, as well as a general space for rent.",
135,800-8200-0173,Court House,Tòa án - Tòa nhà chính phủ phục vụ như một tòa án Pháp luật địa phương.,A government building that serves as the home for the local court of law.,
136,800-8200-0174,Government Office,"Văn phòng chính phủ - Tòa nha chính phủ bao gồm văn phòng liên bang, văn phòng đô thị, văn phòng tỉnh, các bộ và các cơ quan chính phủ khác. Ví dụ: Bộ tài chính/ Bộ nông nghiệp","A government building that often includes federal offices, municipality offices, state offices, provincial offices, ministries, and other governmental departments. Examples include the Department of Finance or the Ministry of Agriculture and Water.",
137,800-8200-0295,Higher Education,"Trường học bậc học cao: như Cao Đẳng, đại học, Trường nghề kỹ thuật, Academy chuyên về học thuật.","An institution that provides post-secondary, tertiary or third level education. Higher education includes educational institutions that serve students beyond secondary education, such as a college, university, technical institution or trade school. Note: This category is a HERE protected category. Note: This category is a HERE owned category.",
138,800-8300-0175,School,"Trường học nói chung: cấpTiểu học, Trung Học Cơ Sở, Trung Học Phổ thông.",An institution that provides basic elementary or secondary education to children and teenagers.,
139,800-8400-0000,Training and Development,"Đào tạo và phát triển - Tổ chức cung cấp giáo dụcva2 đào tạo, phát triển khóa học, ngôn ngữ thứ 2, kỹ năng thuyết trình, kỹ năn kỹ thuật và một số dịch vụ giáo dục liên quan.","An institution or business that provides education and training, such as development courses, second languages, presentation skills, technical skills and other related education services.",
140,800-8400-0139,Library,"Thư viện - Một nơi trong đó tài liệu văn học, âm hạc, nghệ thuật hoặc tài liệu tham khảo được lưu giữ để sử dụng và lưu hành, nhưng không phải để bán.","A place in which literary, musical, artistic, or reference materials are kept for use and circulation, but are not for sale.",
141,800-8400-0176,Event Spaces,"Không gian sự kiện - Cơ sở cung cấp không gian cho các sự kiện lớn, triển lãm thương mại, hội chợ thương mại hoặc hội nghị.","A facility that provides space for large events such as trade shows, trade fairs, or conventions. This is a base-level category that should be used for all Places that do not fit other categories defined for Fair-Convention Facility (800-8400-xxxx).",
142,800-8500-0000,Banquet Hall,"Phòng tiệc - Cơ sở cung cấp cho thuê phong hoặc tòa nhà ngắn hạn với mục đích tổ chức tiệc, sự kiện xã hội khác. Phòng tiệc đặt tại các cơ sở khác, chẳng hạn như CLB , nhà hàng và khách sạn.","An establishment that offers short-term rental of a room or building for the purposes of hosting a party, banquet, reception or other social event. Banquet halls are frequently co-located in other establishments, such as clubs, hotels and restaurants.",
143,800-8600-0000,Convention-Exhibition Center,"Trung tâm hội nghị - triễn lãm - Cơ sở cung cấp không gin cho các sự kiện lớn như triễn lãm thương mại, hôi chợ thương mại hoặc hội nghị.","A facility that provides space for large events such as trade shows, trade fairs, or conventions.",
144,800-8600-0181,Parking,Khu vực đỗ xe - Khu vực được dùng để đỗ xe cơ giới.,An area used to park motor vehicles. This is a base-level category that should be used for all Places that do not fit other categories defined for Parking Facility (800-8500-xxxx).,
145,800-8600-0182,Sports Facility-Venue,Địa điểm tổ chức thể thao - Cơ sở tổ chức cac sự kiện thể thao.,A facility where sporting events are held. This is a base-level category that should be used for all Places that do not fit other categories defined for Sports Facility-Venue (800-8600-xxxx).,
146,800-8600-0183,Ice Skating Rink,Sân trượt băng - Cơ sở cung cấp lại hình trượt băng.,A facility that provides a surface where all types of ice skating are played.,
147,800-8600-0184,Swimming Pool,Hồ bơi - Cơ sở cung cấp bể chứa nước để bơi lội.,A facility that provides a tank or basin filled with water for swimming.,
148,800-8600-0188,Tennis Court,Sân quần vợt - Cơ sở cung cấp Sân để chơi tennis.,A facility that provides a court upon which tennis is played.,
149,800-8600-0189,Bowling Center,Trung tâm Bowling -  Cơ sở trong nhà có những đường lane thiết kế rieng cho chơi Bowling.,An indoor facility containing alleys or lanes designed for bowling.,
150,800-8600-0191,Shooting Range,Trường bắn - Cơ sở cung cấp khu vực bắn kèm theo mục tiêu thực hành với súng.,A facility that provides an enclosed firing range with targets for firearm practice.,
151,800-8600-0192,Soccer Club,CLB Bóng đá - Cơ sở cung cấp sân bóng đá.,A facility that provides a field used to play soccer.,
152,800-8600-0193,Fitness-Health Club,"Câu lạc bộ thể hình, phòng Gym - Cơ sở cung cấp các lớp học, thiết bị tập để dục và điều hòa thể chất. Thường sẽ yêu cầu phí thành viên.","A facility that offers classes, instruction and equipment for exercising and physical conditioning. Membership fees are generally required.",
153,800-8600-0194,Indoor Sports,"Thế thao trong nhà - Cơ sở ung cấp khu vực thiết kế để chơi các môn thể thao trong nhà (Bóng rổ, bóng chuyền, cricket, thể dục dụng cụ, bóng bàn….)","A facility that provides an area designed to play a variety of indoor sports, such as basketball, volleyball, cricket, gymnastics, table tennis, handball and other sports.",
154,800-8600-0195,Golf Course,Sân Golf - Khu vực chơi golf. Khu vực thường chứa 9 -18 lỗ. Có thể là nơi công cộng hoặc tư nâhn. Yêu cầu phí thanh viên.,An area ground or course upon which golf is played. Course usually contain 9 or 18 holes. These places may be public or private. Membership fees may apply. Note: This category is a HERE protected category. Note: This category is a HERE owned category.,
155,800-8600-0197,Golf Practice Range,Sân tập chơi Golf - Khu vực dành cho thực hành những cú đánh dài và bóng được cơ sở cung cấp. Yêu cầu lệ phí tham gia.,A area that intended for practicing long golf shots with balls provided by the facility. Fees generally apply.,
156,800-8600-0199,Race Track,"Trường đua - Cơ sở cung cấp đường đất cỏ/ đường trải nhựa thiết kế cho động vật đua (ngựa, chó), xe cộ hoặc vận động viên. Thường có khán đài.","A facility that provides a dirt, grass or paved track designed for racing animals (horses or greyhounds), vehicles, or athletes. Race tracks often feature grandstands or concourses.",
157,800-8600-0200,Sports Activities,Hoạt động thể thao - Cơ sở hoạc khu vực chơi thể thao giải trí/ nghiệp dư.,A facility or designated area that where recreational or amateur sports are played.,
158,800-8600-0381,Basketball,Bóng rổ - Cơ sở được thiết kế để chơi bóng rổ.,A facility designed specifically for playing basketball.,
159,800-8700-0166,Badminton,Cầu lông - Cơ sở được thiết kế đặc biệt để chơi cầu lông,A facility designed specifically for playing badminton.,
160,800-8700-0167,Running Track,"Đường chạy - Đặc điểm chung: Bề mặt nhân tạo (Thường bọc cao su), được thiết kế với chiều dài và rộng đặc trưng.","Common features of running tracks are: an artificial surface (usually rubberized), which is usually built to a specific length and lane width.",
161,900-9200-0218,Cemetery,"Nghĩa trang - Khu vực được chỉ định có một phần, lăng hoặc bình tro cốt. Bao gồm: sân nhà thờ, bãi chôn lấp và nghĩa địa.","A designated area containing graves, tombs, or funeral urns. This category includes churchyards, burial grounds and graveyards.",
162,900-9200-0299,Crematorium,"Khu vục hỏa táng, trại thiêu - Cơ sở nơi thiêu/ hỏa táng.",A facility where human remains are incinerated.,
163,900-9300-0221,Industrial Zone,"Khu công nghiệp - Khu vực phi dân cư dành riêng cho sản xuát, hoạt đông công nghiệp/ kho lưu trữ. Bao gồm các khu kinh doanh các ngành công nghiệp dịch vụ.","A non-residential area that is dedicated to manufacturing, industrial activities or storage facilities. This also includes business parks containing service industries.",
164,400-4100-0044,Collective Community,"Cộng đồng tập thể - Cơ sở cung cấp khu vưc tổ chức sự kiện xã hội, chính trị, tôn giáo, tâm linh. VS: Kibbuts, Dojos, Moshavs, xã nông nghiệp, làng sinh thái, cộng đồng nghệ thuật, tu viện và nhà hợp tác xã.","A facility that provides an area for members to hold a common social, political, religious or spiritual events. For example, kibbutz, dojos, moshavs, agricultural communes, eco villages, art communities, convents, monasteries and housing cooperatives.",
165,000-0000-0000,Residential Area-Building,"Khu dân cư, chung cư - Tòa nhà chỉ định dành riêng cho dân dụng.",A building designated specifically for residential use.,
166,,Ferry Terminal,"Hải cảng, bến tàu",,